{
  "runtimeOptions": {
    "tfm": "net9.0",
    "includedFrameworks": [
      {
        "name": "Microsoft.NETCore.App",
        "version": "9.0.1"
      }
    ],
    "configProperties": {
      "MaterialThemeIncludeDataGrid": true,
      "MVVMTOOLKIT_ENABLE_INOTIFYPROPERTYCHANGING_SUPPORT": true,
      "System.Reflection.Metadata.MetadataUpdater.IsSupported": false,
      "System.Runtime.InteropServices.BuiltInComInterop.IsSupported": true,
      "System.Runtime.Serialization.EnableUnsafeBinaryFormatterSerialization": false
    }
  }
}